use anphatdb;
-- --------------------------------------------------------

INSERT INTO `classes` (`id`, `name`) VALUES
(18, 'CĐ-ĐH'),
(6, 'Lớp 1'),
(15, 'Lớp 10'),
(16, 'Lớp 11'),
(17, 'Lớp 12'),
(7, 'Lớp 2'),
(8, 'Lớp 3'),
(3, 'Lớp 3 tuổi'),
(9, 'Lớp 4'),
(4, 'Lớp 4 tuổi'),
(10, 'Lớp 5'),
(5, 'Lớp 5 tuổi'),
(11, 'Lớp 6'),
(12, 'Lớp 7'),
(13, 'Lớp 8'),
(14, 'Lớp 9');


--
-- Dumping data for table `subjects`
--

INSERT INTO `subjects` (`id`, `subject_name`, `slug`) VALUES
(1, 'Âm nhạc', 'am-nhac'),
(2, 'Chính tả', 'chinh-ta'),
(3, 'Đạo đức', 'dao-duc'),
(4, 'Học vần', 'hoc-van'),
(5, 'Kể chuyện', 'ke-chuyen'),
(6, 'Mỹ thuật', 'my-thuat'),
(7, 'Tập đọc', 'tap-doc'),
(8, 'Tập viết', 'tap-viet'),
(9, 'Thủ công', 'thu-cong'),
(10, 'Toán học', 'toan-hoc'),
(11, 'Tiếng Anh', 'tieng-anh'),
(12, 'Tự nhiên xã hội', 'tu-nhien-xa-hoi'),
(13, 'Luyện từ và câu', 'luyen-tu-va-cau'),
(14, 'Tập làm văn', 'tap-lam-van'),
(19, 'Tin học', 'tin-hoc'),
(20, 'Kĩ thuật', 'ki-thuat'),
(21, 'Thể dục', 'the-duc'),
(22, 'Khoa học', 'khoa-hoc'),
(23, 'Địa lí', 'dia-li'),
(24, 'Lịch sử', 'lich-su'),
(33, 'Ngữ văn', 'ngu-van'),
(34, 'Vật lí', 'vat-li'),
(35, 'Hóa học', 'hoa-hoc'),
(36, 'Sinh học', 'sinh-hoc'),
(37, 'Công nghệ', 'cong-nghe'),
(38, 'GDCD-GDNGLL', 'giao-duc-cong-dan'),
(41, 'Ngoại ngữ', 'ngoai-ngu'),
(42, 'Số học', 'so-hoc'),
(43, 'Hình học', 'hinh-hoc'),
(44, 'Đại số', 'dai-so'),
(45, 'Đại số và giải tích', 'dai-so-giai-tich'),
(46, 'Giải tích', 'giai-tich'),
(47, 'Ngoại ngữ khác', 'ngoai-ngu-khac');

INSERT INTO `class_has_subjects` (`class_id`, `subject_id`) VALUES
(6, 1),
(7, 1),
(8, 1),
(9, 1),
(10, 1),
(11, 1),
(12, 1),
(13, 1),
(14, 1),
(6, 2),
(7, 2),
(8, 2),
(9, 2),
(10, 2),
(6, 3),
(7, 3),
(8, 3),
(9, 3),
(10, 3),
(6, 4),
(6, 5),
(7, 5),
(9, 5),
(10, 5),
(6, 6),
(7, 6),
(8, 6),
(9, 6),
(10, 6),
(11, 6),
(12, 6),
(13, 6),
(14, 6),
(6, 7),
(7, 7),
(8, 7),
(9, 7),
(10, 7),
(6, 8),
(7, 8),
(8, 8),
(6, 9),
(7, 9),
(8, 9),
(6, 10),
(7, 10),
(8, 10),
(9, 10),
(10, 10),
(6, 11),
(7, 11),
(8, 11),
(9, 11),
(10, 11),
(11, 11),
(12, 11),
(13, 11),
(14, 11),
(15, 11),
(16, 11),
(17, 11),
(6, 12),
(7, 12),
(8, 12),
(7, 13),
(8, 13),
(9, 13),
(10, 13),
(7, 14),
(8, 14),
(9, 14),
(10, 14),
(8, 19),
(9, 19),
(10, 19),
(11, 19),
(12, 19),
(13, 19),
(14, 19),
(15, 19),
(16, 19),
(17, 19),
(9, 20),
(10, 20),
(9, 21),
(10, 21),
(15, 21),
(16, 21),
(17, 21),
(9, 22),
(10, 22),
(9, 23),
(10, 23),
(11, 23),
(12, 23),
(13, 23),
(14, 23),
(15, 23),
(16, 23),
(17, 23),
(9, 24),
(10, 24),
(11, 24),
(12, 24),
(13, 24),
(14, 24),
(15, 24),
(16, 24),
(17, 24),
(11, 33),
(12, 33),
(13, 33),
(14, 33),
(15, 33),
(16, 33),
(17, 33),
(11, 34),
(12, 34),
(13, 34),
(14, 34),
(15, 34),
(16, 34),
(17, 34),
(13, 35),
(14, 35),
(15, 35),
(16, 35),
(17, 35),
(11, 36),
(12, 36),
(13, 36),
(14, 36),
(15, 36),
(16, 36),
(17, 36),
(10, 37),
(11, 37),
(12, 37),
(13, 37),
(14, 37),
(15, 37),
(16, 37),
(11, 38),
(12, 38),
(13, 38),
(14, 38),
(15, 38),
(16, 38),
(17, 38),
(11, 42),
(11, 43),
(12, 43),
(13, 43),
(14, 43),
(15, 43),
(16, 43),
(17, 43),
(12, 44),
(13, 44),
(14, 44),
(15, 44),
(16, 45),
(17, 46),
(15, 47),
(16, 47),
(17, 47);

--
-- Dumping data for table `grades`
--

INSERT INTO `grades` (`id`, `name`) VALUES
(1, 'Mầm non'),
(2, 'Tiểu học'),
(3, 'THCS'),
(4, 'THPT'),
(5, 'Phòng GD-ĐT'),
(6, 'Khác'),
(7, 'Sở GD-ĐT');

--
-- Dumping data for table `grade_has_classes`
--

INSERT INTO `grade_has_classes` (`grade_id`, `class_id`) VALUES
(1, 3),
(1, 4),
(1, 5),
(2, 6),
(2, 7),
(2, 8),
(2, 9),
(2, 10),
(3, 11),
(3, 12),
(3, 13),
(3, 14),
(4, 15),
(4, 16),
(4, 17),
(5, 3),
(5, 4),
(5, 5),
(5, 6),
(5, 7),
(5, 8),
(5, 9),
(5, 10),
(5, 11),
(5, 12),
(5, 13),
(5, 14),
(6, 6),
(6, 7),
(6, 8),
(6, 9),
(6, 10),
(6, 11),
(6, 12),
(6, 13),
(6, 14),
(6, 15),
(6, 16),
(6, 17),
(7, 15),
(7, 16),
(7, 17);


--
-- Dumping data for table `roles`
--

INSERT INTO `roles` (`id`, `role`) VALUES
(1, 'Giáo viên'),
(2, 'Giáo viên quản lý'),
(3, 'Khách');



--
-- Dumping data for table `types`
--

INSERT INTO `types` (`id`, `name`) VALUES
(1, 'Bài giảng elearning'),
(2, 'Bài giảng powerpoint'),
(3, 'Giáo án lên lớp'),
(4, 'Tài liệu giảng dạy');

